date,state,city,place_type,confirmed,deaths,is_last,estimated_population,city_ibge_code,confirmed_per_100k_inhabitants,death_rate
2021-02-05,RJ,Rio de Janeiro,city,191524,17627,True,6747815,3304557,2838.31136,0.092
2021-02-04,RJ,Rio de Janeiro,city,191038,17535,False,6747815,3304557,2831.10903,0.0918
2021-02-03,RJ,Rio de Janeiro,city,190327,17429,False,6747815,3304557,2820.57229,0.0916
2021-02-02,RJ,Rio de Janeiro,city,189679,17352,False,6747815,3304557,2810.96918,0.0915
2021-02-01,RJ,Rio de Janeiro,city,189110,17254,False,6747815,3304557,2802.53682,0.0912
2021-01-31,RJ,Rio de Janeiro,city,188999,17221,False,6747815,3304557,2800.89184,0.0911
2021-01-30,RJ,Rio de Janeiro,city,188833,17216,False,6747815,3304557,2798.43179,0.0912
2021-01-29,RJ,Rio de Janeiro,city,188127,17114,False,6747815,3304557,2787.96914,0.091
2021-01-28,RJ,Rio de Janeiro,city,187339,17017,False,6747815,3304557,2776.29129,0.0908
2021-01-27,RJ,Rio de Janeiro,city,186345,16924,False,6747815,3304557,2761.56059,0.0908
2021-01-26,RJ,Rio de Janeiro,city,185560,16838,False,6747815,3304557,2749.9272,0.0907
2021-01-25,RJ,Rio de Janeiro,city,184676,16707,False,6747815,3304557,2736.82666,0.0905
2021-01-24,RJ,Rio de Janeiro,city,184545,16687,False,6747815,3304557,2734.88529,0.0904
2021-01-23,RJ,Rio de Janeiro,city,184293,16685,False,6747815,3304557,2731.15075,0.0905
2021-01-22,RJ,Rio de Janeiro,city,183195,16608,False,6747815,3304557,2714.87882,0.0907
2021-01-21,RJ,Rio de Janeiro,city,182713,16543,False,6747815,3304557,2707.73576,0.0905
2021-01-20,RJ,Rio de Janeiro,city,182032,16399,False,6747815,3304557,2697.64361,0.0901
2021-01-19,RJ,Rio de Janeiro,city,180984,16320,False,6747815,3304557,2682.11265,0.0902
2021-01-18,RJ,Rio de Janeiro,city,179955,16127,False,6747815,3304557,2666.86327,0.0896
2021-01-17,RJ,Rio de Janeiro,city,179788,16119,False,6747815,3304557,2664.3884,0.0897
2021-01-16,RJ,Rio de Janeiro,city,179478,16101,False,6747815,3304557,2659.79432,0.0897
2021-01-13,RJ,Rio de Janeiro,city,176421,15794,False,6747815,3304557,2614.49076,0.0895
2021-01-12,RJ,Rio de Janeiro,city,175452,15664,False,6747815,3304557,2600.13056,0.0893
2021-01-11,RJ,Rio de Janeiro,city,174347,15533,False,6747815,3304557,2583.75489,0.0891
2021-01-10,RJ,Rio de Janeiro,city,174154,15532,False,6747815,3304557,2580.8947,0.0892
2021-01-09,RJ,Rio de Janeiro,city,173291,15527,False,6747815,3304557,2568.10538,0.0896
2021-01-08,RJ,Rio de Janeiro,city,172999,15423,False,6747815,3304557,2563.77805,0.0892
2021-01-07,RJ,Rio de Janeiro,city,171843,15312,False,6747815,3304557,2546.64658,0.0891
2021-01-06,RJ,Rio de Janeiro,city,170636,15180,False,6747815,3304557,2528.75931,0.089
2021-01-05,RJ,Rio de Janeiro,city,169372,15077,False,6747815,3304557,2510.02732,0.089
2021-01-04,RJ,Rio de Janeiro,city,167858,14915,False,6747815,3304557,2487.59043,0.0889
2021-01-03,RJ,Rio de Janeiro,city,165189,14913,False,6747815,3304557,2448.03688,0.0903
2021-01-02,RJ,Rio de Janeiro,city,165163,14906,False,6747815,3304557,2447.65157,0.0903
2021-01-01,RJ,Rio de Janeiro,city,165158,14905,False,6747815,3304557,2447.57748,0.0902
2020-12-31,RJ,Rio de Janeiro,city,165079,14860,False,6747815,3304557,2446.40673,0.09
2020-12-30,RJ,Rio de Janeiro,city,164782,14743,False,6747815,3304557,2442.0053,0.0895
2020-12-29,RJ,Rio de Janeiro,city,162772,14633,False,6747815,3304557,2412.21788,0.0899
2020-12-28,RJ,Rio de Janeiro,city,161191,14548,False,6747815,3304557,2388.78807,0.0903
2020-12-27,RJ,Rio de Janeiro,city,161003,14532,False,6747815,3304557,2386.00199,0.0903
2020-12-26,RJ,Rio de Janeiro,city,160542,14526,False,6747815,3304557,2379.17015,0.0905
2020-12-25,RJ,Rio de Janeiro,city,160369,14523,False,6747815,3304557,2376.60635,0.0906
2020-12-24,RJ,Rio de Janeiro,city,159865,14481,False,6747815,3304557,2369.13727,0.0906
2020-12-23,RJ,Rio de Janeiro,city,158481,14397,False,6747815,3304557,2348.62693,0.0908
2020-12-22,RJ,Rio de Janeiro,city,157693,14380,False,6747815,3304557,2336.94907,0.0912
2020-12-21,RJ,Rio de Janeiro,city,156818,14296,False,6747815,3304557,2323.98191,0.0912
2020-12-20,RJ,Rio de Janeiro,city,156583,14293,False,6747815,3304557,2320.4993,0.0913
2020-12-19,RJ,Rio de Janeiro,city,156389,14293,False,6747815,3304557,2317.6243,0.0914
2020-12-18,RJ,Rio de Janeiro,city,155434,14237,False,6747815,3304557,2303.47157,0.0916
2020-12-17,RJ,Rio de Janeiro,city,154183,14177,False,6747815,3304557,2284.93223,0.0919
2020-12-16,RJ,Rio de Janeiro,city,153027,14151,False,6747815,3304557,2267.80076,0.0925
2020-12-15,RJ,Rio de Janeiro,city,151893,14015,False,6747815,3304557,2250.99532,0.0923
2020-12-14,RJ,Rio de Janeiro,city,151531,13923,False,6747815,3304557,2245.63062,0.0919
2020-12-13,RJ,Rio de Janeiro,city,151341,13922,False,6747815,3304557,2242.8149,0.092
2020-12-12,RJ,Rio de Janeiro,city,151210,13918,False,6747815,3304557,2240.87353,0.092
2020-12-11,RJ,Rio de Janeiro,city,150072,13882,False,6747815,3304557,2224.00881,0.0925
2020-12-10,RJ,Rio de Janeiro,city,148684,13844,False,6747815,3304557,2203.43919,0.0931
2020-12-09,RJ,Rio de Janeiro,city,147217,13772,False,6747815,3304557,2181.69882,0.0935
2020-12-08,RJ,Rio de Janeiro,city,145763,13676,False,6747815,3304557,2160.1511,0.0938
2020-12-07,RJ,Rio de Janeiro,city,144641,13594,False,6747815,3304557,2143.5235,0.094
2020-12-06,RJ,Rio de Janeiro,city,144493,13581,False,6747815,3304557,2141.33019,0.094
2020-12-05,RJ,Rio de Janeiro,city,144199,13570,False,6747815,3304557,2136.97323,0.0941
2020-12-04,RJ,Rio de Janeiro,city,143192,13532,False,6747815,3304557,2122.04988,0.0945
2020-12-03,RJ,Rio de Janeiro,city,142231,13465,False,6747815,3304557,2107.80823,0.0947
2020-12-02,RJ,Rio de Janeiro,city,140864,13405,False,6747815,3304557,2087.54982,0.0952
2020-12-01,RJ,Rio de Janeiro,city,139497,13358,False,6747815,3304557,2067.29141,0.0958
2020-11-30,RJ,Rio de Janeiro,city,137860,13295,False,6747815,3304557,2043.03171,0.0964
2020-11-29,RJ,Rio de Janeiro,city,137643,13267,False,6747815,3304557,2039.81585,0.0964
2020-11-28,RJ,Rio de Janeiro,city,137193,13261,False,6747815,3304557,2033.14703,0.0967
2020-11-27,RJ,Rio de Janeiro,city,135093,13226,False,6747815,3304557,2002.02584,0.0979
2020-11-26,RJ,Rio de Janeiro,city,134674,13192,False,6747815,3304557,1995.81642,0.098
2020-11-25,RJ,Rio de Janeiro,city,133836,13115,False,6747815,3304557,1983.39759,0.098
2020-11-24,RJ,Rio de Janeiro,city,132349,13064,False,6747815,3304557,1961.36083,0.0987
2020-11-23,RJ,Rio de Janeiro,city,131433,12979,False,6747815,3304557,1947.78606,0.0987
2020-11-22,RJ,Rio de Janeiro,city,131241,12935,False,6747815,3304557,1944.9407,0.0986
2020-11-21,RJ,Rio de Janeiro,city,130949,12935,False,6747815,3304557,1940.61337,0.0988
2020-11-20,RJ,Rio de Janeiro,city,130635,12923,False,6747815,3304557,1935.96001,0.0989
2020-11-19,RJ,Rio de Janeiro,city,129631,12844,False,6747815,3304557,1921.08112,0.0991
2020-11-18,RJ,Rio de Janeiro,city,128834,12793,False,6747815,3304557,1909.26989,0.0993
2020-11-17,RJ,Rio de Janeiro,city,127921,12653,False,6747815,3304557,1895.73958,0.0989
2020-11-16,RJ,Rio de Janeiro,city,126824,12512,False,6747815,3304557,1879.48247,0.0987
2020-11-15,RJ,Rio de Janeiro,city,126691,12510,False,6747815,3304557,1877.51146,0.0987
2020-11-14,RJ,Rio de Janeiro,city,126423,12506,False,6747815,3304557,1873.53981,0.0989
2020-11-13,RJ,Rio de Janeiro,city,125463,12419,False,6747815,3304557,1859.31298,0.099
2020-11-12,RJ,Rio de Janeiro,city,124912,12419,False,6747815,3304557,1851.14737,0.0994
2020-11-11,RJ,Rio de Janeiro,city,123874,12322,False,6747815,3304557,1835.76461,0.0995
2020-11-10,RJ,Rio de Janeiro,city,123281,12312,False,6747815,3304557,1826.97658,0.0999
2020-11-09,RJ,Rio de Janeiro,city,122527,12312,False,6747815,3304557,1815.8026,0.1005
2020-11-08,RJ,Rio de Janeiro,city,122295,12312,False,6747815,3304557,1812.36445,0.1007
2020-11-07,RJ,Rio de Janeiro,city,122157,12312,False,6747815,3304557,1810.31934,0.1008
2020-11-06,RJ,Rio de Janeiro,city,121698,12268,False,6747815,3304557,1803.51714,0.1008
2020-11-05,RJ,Rio de Janeiro,city,120802,12268,False,6747815,3304557,1790.23877,0.1016
2020-11-04,RJ,Rio de Janeiro,city,120432,12219,False,6747815,3304557,1784.75551,0.1015
2020-11-03,RJ,Rio de Janeiro,city,119826,12148,False,6747815,3304557,1775.77482,0.1014
2020-11-02,RJ,Rio de Janeiro,city,119593,12140,False,6747815,3304557,1772.32186,0.1015
2020-11-01,RJ,Rio de Janeiro,city,119501,12129,False,6747815,3304557,1770.95845,0.1015
2020-10-31,RJ,Rio de Janeiro,city,119201,12125,False,6747815,3304557,1766.51257,0.1017
2020-10-30,RJ,Rio de Janeiro,city,118835,12119,False,6747815,3304557,1761.08859,0.102
2020-10-29,RJ,Rio de Janeiro,city,118433,12064,False,6747815,3304557,1755.13111,0.1019
2020-10-28,RJ,Rio de Janeiro,city,117956,12009,False,6747815,3304557,1748.06215,0.1018
2020-10-27,RJ,Rio de Janeiro,city,117379,11952,False,6747815,3304557,1739.51123,0.1018
2020-10-26,RJ,Rio de Janeiro,city,116591,11899,False,6747815,3304557,1727.83338,0.1021
2020-10-25,RJ,Rio de Janeiro,city,116199,11870,False,6747815,3304557,1722.02409,0.1022
2020-10-24,RJ,Rio de Janeiro,city,116199,11870,False,6747815,3304557,1722.02409,0.1022
2020-10-23,RJ,Rio de Janeiro,city,115635,11834,False,6747815,3304557,1713.66583,0.1023
2020-10-22,RJ,Rio de Janeiro,city,115213,11777,False,6747815,3304557,1707.41195,0.1022
2020-10-21,RJ,Rio de Janeiro,city,114761,11734,False,6747815,3304557,1700.71349,0.1022
2020-10-20,RJ,Rio de Janeiro,city,114274,11672,False,6747815,3304557,1693.49634,0.1021
2020-10-19,RJ,Rio de Janeiro,city,114097,11637,False,6747815,3304557,1690.87327,0.102
2020-10-18,RJ,Rio de Janeiro,city,113699,11633,False,6747815,3304557,1684.97506,0.1023
2020-10-17,RJ,Rio de Janeiro,city,113608,11610,False,6747815,3304557,1683.62648,0.1022
2020-10-16,RJ,Rio de Janeiro,city,113512,11582,False,6747815,3304557,1682.20379,0.102
2020-10-15,RJ,Rio de Janeiro,city,111469,11537,False,6747815,3304557,1651.92733,0.1035
2020-10-14,RJ,Rio de Janeiro,city,111378,11487,False,6747815,3304557,1650.57874,0.1031
2020-10-13,RJ,Rio de Janeiro,city,111282,11426,False,6747815,3304557,1649.15606,0.1027
2020-10-12,RJ,Rio de Janeiro,city,111255,11406,False,6747815,3304557,1648.75593,0.1025
2020-10-11,RJ,Rio de Janeiro,city,111255,11406,False,6747815,3304557,1648.75593,0.1025
2020-10-10,RJ,Rio de Janeiro,city,111218,11401,False,6747815,3304557,1648.2076,0.1025
2020-10-09,RJ,Rio de Janeiro,city,111006,11378,False,6747815,3304557,1645.06585,0.1025
2020-10-08,RJ,Rio de Janeiro,city,110202,11313,False,6747815,3304557,1633.15088,0.1027
2020-10-07,RJ,Rio de Janeiro,city,109547,11240,False,6747815,3304557,1623.44403,0.1026
2020-10-06,RJ,Rio de Janeiro,city,108704,11197,False,6747815,3304557,1610.9511,0.103
2020-10-05,RJ,Rio de Janeiro,city,107643,11118,False,6747815,3304557,1595.22749,0.1033
2020-10-04,RJ,Rio de Janeiro,city,106170,11107,False,6747815,3304557,1573.3982,0.1046
2020-10-03,RJ,Rio de Janeiro,city,106138,11101,False,6747815,3304557,1572.92398,0.1046
2020-10-02,RJ,Rio de Janeiro,city,106078,11077,False,6747815,3304557,1572.0348,0.1044
2020-10-01,RJ,Rio de Janeiro,city,102901,11024,False,6747815,3304557,1524.95289,0.1071
2020-09-30,RJ,Rio de Janeiro,city,102716,10969,False,6747815,3304557,1522.21126,0.1068
2020-09-29,RJ,Rio de Janeiro,city,102509,10926,False,6747815,3304557,1519.1436,0.1066
2020-09-28,RJ,Rio de Janeiro,city,102326,10856,False,6747815,3304557,1516.43162,0.1061
2020-09-27,RJ,Rio de Janeiro,city,102246,10849,False,6747815,3304557,1515.24605,0.1061
2020-09-26,RJ,Rio de Janeiro,city,100132,10834,False,6747815,3304557,1483.91739,0.1082
2020-09-25,RJ,Rio de Janeiro,city,100045,10793,False,6747815,3304557,1482.62808,0.1079
2020-09-24,RJ,Rio de Janeiro,city,99882,10730,False,6747815,3304557,1480.21248,0.1074
2020-09-23,RJ,Rio de Janeiro,city,99573,10660,False,6747815,3304557,1475.63322,0.1071
2020-09-22,RJ,Rio de Janeiro,city,98545,10576,False,6747815,3304557,1460.39866,0.1073
2020-09-21,RJ,Rio de Janeiro,city,98259,10505,False,6747815,3304557,1456.16025,0.1069
2020-09-20,RJ,Rio de Janeiro,city,98162,10495,False,6747815,3304557,1454.72275,0.1069
2020-09-19,RJ,Rio de Janeiro,city,97824,10470,False,6747815,3304557,1449.71372,0.107
2020-09-18,RJ,Rio de Janeiro,city,97612,10449,False,6747815,3304557,1446.57196,0.107
2020-09-17,RJ,Rio de Janeiro,city,97399,10391,False,6747815,3304557,1443.41539,0.1067
2020-09-16,RJ,Rio de Janeiro,city,96818,10330,False,6747815,3304557,1434.80519,0.1067
2020-09-15,RJ,Rio de Janeiro,city,96051,10233,False,6747815,3304557,1423.43855,0.1065
2020-09-14,RJ,Rio de Janeiro,city,95444,10119,False,6747815,3304557,1414.44305,0.106
2020-09-13,RJ,Rio de Janeiro,city,95337,10116,False,6747815,3304557,1412.85735,0.1061
2020-09-12,RJ,Rio de Janeiro,city,95190,10113,False,6747815,3304557,1410.67886,0.1062
2020-09-11,RJ,Rio de Janeiro,city,95008,10053,False,6747815,3304557,1407.98169,0.1058
2020-09-10,RJ,Rio de Janeiro,city,94896,10074,False,6747815,3304557,1406.3219,0.1062
2020-09-09,RJ,Rio de Janeiro,city,94212,10027,False,6747815,3304557,1396.18528,0.1064
2020-09-08,RJ,Rio de Janeiro,city,93899,9957,False,6747815,3304557,1391.54675,0.106
2020-09-07,RJ,Rio de Janeiro,city,93652,9924,False,6747815,3304557,1387.8863,0.106
2020-09-06,RJ,Rio de Janeiro,city,93480,9902,False,6747815,3304557,1385.33733,0.1059
2020-09-05,RJ,Rio de Janeiro,city,93238,9880,False,6747815,3304557,1381.75098,0.106
2020-09-04,RJ,Rio de Janeiro,city,93012,9853,False,6747815,3304557,1378.40175,0.1059
2020-09-03,RJ,Rio de Janeiro,city,92366,9813,False,6747815,3304557,1368.82828,0.1062
2020-09-02,RJ,Rio de Janeiro,city,91888,9778,False,6747815,3304557,1361.74451,0.1064
2020-09-01,RJ,Rio de Janeiro,city,91688,9737,False,6747815,3304557,1358.78058,0.1062
2020-08-31,RJ,Rio de Janeiro,city,90466,9663,False,6747815,3304557,1340.67102,0.1068
2020-08-30,RJ,Rio de Janeiro,city,90345,9634,False,6747815,3304557,1338.87784,0.1066
2020-08-29,RJ,Rio de Janeiro,city,90263,9628,False,6747815,3304557,1337.66264,0.1067
2020-08-27,RJ,Rio de Janeiro,city,89434,9566,False,6747815,3304557,1325.37718,0.107
2020-08-26,RJ,Rio de Janeiro,city,88699,9468,False,6747815,3304557,1314.48476,0.1067
2020-08-25,RJ,Rio de Janeiro,city,87748,9404,False,6747815,3304557,1300.39131,0.1072
2020-08-24,RJ,Rio de Janeiro,city,87164,9316,False,6747815,3304557,1291.73666,0.1069
2020-08-23,RJ,Rio de Janeiro,city,86767,9231,False,6747815,3304557,1285.85327,0.1064
2020-08-22,RJ,Rio de Janeiro,city,86419,9206,False,6747815,3304557,1280.69605,0.1065
2020-08-21,RJ,Rio de Janeiro,city,85488,9175,False,6747815,3304557,1266.89899,0.1073
2020-08-20,RJ,Rio de Janeiro,city,84488,9127,False,6747815,3304557,1252.07938,0.108
2020-08-19,RJ,Rio de Janeiro,city,83735,9048,False,6747815,3304557,1240.92021,0.1081
2020-08-18,RJ,Rio de Janeiro,city,82188,8931,False,6747815,3304557,1217.99427,0.1087
2020-08-17,RJ,Rio de Janeiro,city,80899,8830,False,6747815,3304557,1198.89179,0.1091
2020-08-16,RJ,Rio de Janeiro,city,80762,8826,False,6747815,3304557,1196.8615,0.1093
2020-08-15,RJ,Rio de Janeiro,city,80565,8813,False,6747815,3304557,1193.94204,0.1094
2020-08-14,RJ,Rio de Janeiro,city,79865,8799,False,6747815,3304557,1183.56831,0.1102
2020-08-13,RJ,Rio de Janeiro,city,78500,8766,False,6747815,3304557,1163.33954,0.1117
2020-08-12,RJ,Rio de Janeiro,city,77627,8710,False,6747815,3304557,1150.40202,0.1122
2020-08-11,RJ,Rio de Janeiro,city,76102,8665,False,6747815,3304557,1127.80211,0.1139
2020-08-10,RJ,Rio de Janeiro,city,74674,8622,False,6747815,3304557,1106.6397,0.1155
2020-08-09,RJ,Rio de Janeiro,city,74421,8612,False,6747815,3304557,1102.89034,0.1157
2020-08-08,RJ,Rio de Janeiro,city,74403,8606,False,6747815,3304557,1102.62359,0.1157
2020-08-07,RJ,Rio de Janeiro,city,73855,8596,False,6747815,3304557,1094.50244,0.1164
2020-08-06,RJ,Rio de Janeiro,city,73517,8540,False,6747815,3304557,1089.49341,0.1162
2020-08-05,RJ,Rio de Janeiro,city,73396,8499,False,6747815,3304557,1087.70024,0.1158
2020-08-04,RJ,Rio de Janeiro,city,72722,8419,False,6747815,3304557,1077.71182,0.1158
2020-08-03,RJ,Rio de Janeiro,city,72079,8371,False,6747815,3304557,1068.18281,0.1161
2020-08-02,RJ,Rio de Janeiro,city,71802,8358,False,6747815,3304557,1064.07778,0.1164
2020-08-01,RJ,Rio de Janeiro,city,71792,8344,False,6747815,3304557,1063.92958,0.1162
2020-07-31,RJ,Rio de Janeiro,city,71322,8310,False,6747815,3304557,1056.96437,0.1165
2020-07-30,RJ,Rio de Janeiro,city,70989,8270,False,6747815,3304557,1052.02943,0.1165
2020-07-29,RJ,Rio de Janeiro,city,70692,8220,False,6747815,3304557,1047.62801,0.1163
2020-07-28,RJ,Rio de Janeiro,city,70440,8124,False,6747815,3304557,1043.89347,0.1153
2020-07-27,RJ,Rio de Janeiro,city,70370,8053,False,6747815,3304557,1042.85609,0.1144
2020-07-26,RJ,Rio de Janeiro,city,69570,8023,False,6747815,3304557,1031.00041,0.1153
2020-07-25,RJ,Rio de Janeiro,city,69546,8004,False,6747815,3304557,1030.64473,0.1151
2020-07-24,RJ,Rio de Janeiro,city,69456,7941,False,6747815,3304557,1029.31097,0.1143
2020-07-23,RJ,Rio de Janeiro,city,68510,7913,False,6747815,3304557,1015.29162,0.1155
2020-07-22,RJ,Rio de Janeiro,city,68334,7887,False,6747815,3304557,1012.68336,0.1154
2020-07-21,RJ,Rio de Janeiro,city,67121,7796,False,6747815,3304557,994.70718,0.1161
2020-07-20,RJ,Rio de Janeiro,city,67036,7733,False,6747815,3304557,993.44751,0.1154
2020-07-19,RJ,Rio de Janeiro,city,66909,7703,False,6747815,3304557,991.56542,0.1151
2020-07-17,RJ,Rio de Janeiro,city,65696,7621,False,6747815,3304557,973.58923,0.116
2020-07-16,RJ,Rio de Janeiro,city,65571,7550,False,6747815,3304557,971.73678,0.1151
2020-07-15,RJ,Rio de Janeiro,city,65489,7500,False,6747815,3304557,970.52157,0.1145
2020-07-14,RJ,Rio de Janeiro,city,65121,7432,False,6747815,3304557,965.06795,0.1141
2020-07-13,RJ,Rio de Janeiro,city,64635,7355,False,6747815,3304557,957.86562,0.1138
2020-07-12,RJ,Rio de Janeiro,city,64110,7310,False,6747815,3304557,950.08532,0.114
2020-07-11,RJ,Rio de Janeiro,city,64102,7302,False,6747815,3304557,949.96677,0.1139
2020-07-10,RJ,Rio de Janeiro,city,64027,7254,False,6747815,3304557,948.8553,0.1133
2020-07-09,RJ,Rio de Janeiro,city,63396,7178,False,6747815,3304557,939.50412,0.1132
2020-07-08,RJ,Rio de Janeiro,city,62463,7101,False,6747815,3304557,925.67742,0.1137
2020-07-07,RJ,Rio de Janeiro,city,61658,7055,False,6747815,3304557,913.74764,0.1144
2020-07-06,RJ,Rio de Janeiro,city,60596,6924,False,6747815,3304557,898.00921,0.1143
2020-07-05,RJ,Rio de Janeiro,city,60233,6898,False,6747815,3304557,892.62969,0.1145
2020-07-04,RJ,Rio de Janeiro,city,60033,6869,False,6747815,3304557,889.66577,0.1144
2020-07-03,RJ,Rio de Janeiro,city,59448,6791,False,6747815,3304557,880.99629,0.1142
2020-07-02,RJ,Rio de Janeiro,city,58615,6689,False,6747815,3304557,868.65156,0.1141
2020-07-01,RJ,Rio de Janeiro,city,57879,6618,False,6747815,3304557,857.74432,0.1143
2020-06-30,RJ,Rio de Janeiro,city,56936,6550,False,6747815,3304557,843.76943,0.115
2020-06-29,RJ,Rio de Janeiro,city,56351,6417,False,6747815,3304557,835.09995,0.1139
2020-06-28,RJ,Rio de Janeiro,city,56060,6393,False,6747815,3304557,830.78745,0.114
2020-06-27,RJ,Rio de Janeiro,city,55286,6366,False,6747815,3304557,819.31707,0.1151
2020-06-26,RJ,Rio de Janeiro,city,55152,6264,False,6747815,3304557,817.33124,0.1136
2020-06-25,RJ,Rio de Janeiro,city,54169,6161,False,6747815,3304557,802.76356,0.1137
2020-06-24,RJ,Rio de Janeiro,city,53307,6087,False,6747815,3304557,789.98906,0.1142
2020-06-23,RJ,Rio de Janeiro,city,52325,6000,False,6747815,3304557,775.4362,0.1147
2020-06-22,RJ,Rio de Janeiro,city,50922,5875,False,6747815,3304557,754.64428,0.1154
2020-06-21,RJ,Rio de Janeiro,city,50430,5832,False,6747815,3304557,747.35303,0.1156
2020-06-20,RJ,Rio de Janeiro,city,50129,5791,False,6747815,3304557,742.89233,0.1155
2020-06-19,RJ,Rio de Janeiro,city,48753,5632,False,6747815,3304557,722.50054,0.1155
2020-06-18,RJ,Rio de Janeiro,city,46255,5508,False,6747815,3304557,685.48115,0.1191
2020-06-17,RJ,Rio de Janeiro,city,45978,5343,False,6747815,3304557,681.37612,0.1162
2020-06-16,RJ,Rio de Janeiro,city,43874,5239,False,6747815,3304557,650.19566,0.1194
2020-06-15,RJ,Rio de Janeiro,city,42385,5090,False,6747815,3304557,628.12925,0.1201
2020-06-14,RJ,Rio de Janeiro,city,41768,5043,False,6747815,3304557,618.98555,0.1207
2020-06-13,RJ,Rio de Janeiro,city,41411,4993,False,6747815,3304557,613.69495,0.1206
2020-06-12,RJ,Rio de Janeiro,city,40504,4877,False,6747815,3304557,600.25356,0.1204
2020-06-11,RJ,Rio de Janeiro,city,40017,4850,False,6747815,3304557,593.03641,0.1212
2020-06-10,RJ,Rio de Janeiro,city,38960,4716,False,6747815,3304557,577.37208,0.121
2020-06-09,RJ,Rio de Janeiro,city,37903,4599,False,6747815,3304557,561.70775,0.1213
2020-06-08,RJ,Rio de Janeiro,city,36893,4516,False,6747815,3304557,546.73994,0.1224
2020-06-07,RJ,Rio de Janeiro,city,36115,4462,False,6747815,3304557,535.21029,0.1235
2020-06-06,RJ,Rio de Janeiro,city,35703,4401,False,6747815,3304557,529.10461,0.1233
2020-06-05,RJ,Rio de Janeiro,city,35043,4309,False,6747815,3304557,519.32366,0.123
2020-06-04,RJ,Rio de Janeiro,city,33695,4231,False,6747815,3304557,499.34683,0.1256
2020-06-03,RJ,Rio de Janeiro,city,32951,4055,False,6747815,3304557,488.32103,0.1231
2020-06-02,RJ,Rio de Janeiro,city,31204,3828,False,6747815,3304557,462.43117,0.1227
2020-06-01,RJ,Rio de Janeiro,city,30014,3671,False,6747815,3304557,444.79583,0.1223
2020-05-31,RJ,Rio de Janeiro,city,29157,3578,False,6747815,3304557,432.09543,0.1227
2020-05-30,RJ,Rio de Janeiro,city,28481,3525,False,6747815,3304557,422.07737,0.1238
2020-05-29,RJ,Rio de Janeiro,city,27311,3430,False,6747815,3304557,404.73842,0.1256
2020-05-28,RJ,Rio de Janeiro,city,25974,3293,False,6747815,3304557,384.9246,0.1268
2020-05-27,RJ,Rio de Janeiro,city,24750,3135,False,6747815,3304557,366.7854,0.1267
2020-05-26,RJ,Rio de Janeiro,city,23290,2978,False,6747815,3304557,345.14876,0.1279
2020-05-25,RJ,Rio de Janeiro,city,22466,2831,False,6747815,3304557,332.9374,0.126
2020-05-24,RJ,Rio de Janeiro,city,21775,2755,False,6747815,3304557,322.69705,0.1265
2020-05-23,RJ,Rio de Janeiro,city,21043,2702,False,6747815,3304557,311.84909,0.1284
2020-05-22,RJ,Rio de Janeiro,city,20161,2520,False,6747815,3304557,298.7782,0.125
2020-05-21,RJ,Rio de Janeiro,city,18743,2376,False,6747815,3304557,277.76399,0.1268
2020-05-20,RJ,Rio de Janeiro,city,17066,2249,False,6747815,3304557,252.9115,0.1318
2020-05-19,RJ,Rio de Janeiro,city,14531,2135,False,6747815,3304557,215.34378,0.1469
2020-05-18,RJ,Rio de Janeiro,city,13443,1960,False,6747815,3304557,199.22004,0.1458
2020-05-17,RJ,Rio de Janeiro,city,12921,1841,False,6747815,3304557,191.48421,0.1425
2020-05-16,RJ,Rio de Janeiro,city,12295,1751,False,6747815,3304557,182.20713,0.1424
2020-05-15,RJ,Rio de Janeiro,city,11715,1631,False,6747815,3304557,173.61175,0.1392
2020-05-14,RJ,Rio de Janeiro,city,11264,1509,False,6747815,3304557,166.92811,0.134
2020-05-13,RJ,Rio de Janeiro,city,11026,1363,False,6747815,3304557,163.40104,0.1236
2020-05-12,RJ,Rio de Janeiro,city,10816,1279,False,6747815,3304557,160.28892,0.1183
2020-05-11,RJ,Rio de Janeiro,city,10619,1172,False,6747815,3304557,157.36946,0.1104
2020-05-10,RJ,Rio de Janeiro,city,10520,1126,False,6747815,3304557,155.90232,0.107
2020-05-09,RJ,Rio de Janeiro,city,10479,1092,False,6747815,3304557,155.29471,0.1042
2020-05-08,RJ,Rio de Janeiro,city,9672,1002,False,6747815,3304557,143.33529,0.1036
2020-05-07,RJ,Rio de Janeiro,city,9051,919,False,6747815,3304557,134.13231,0.1015
2020-05-06,RJ,Rio de Janeiro,city,8577,764,False,6747815,3304557,127.10781,0.0891
2020-05-05,RJ,Rio de Janeiro,city,7832,713,False,6747815,3304557,116.0672,0.091
2020-05-04,RJ,Rio de Janeiro,city,7283,670,False,6747815,3304557,107.93123,0.092
2020-05-03,RJ,Rio de Janeiro,city,6750,631,False,6747815,3304557,100.03238,0.0935
2020-05-02,RJ,Rio de Janeiro,city,6448,603,False,6747815,3304557,95.55686,0.0935
2020-05-01,RJ,Rio de Janeiro,city,6189,574,False,6747815,3304557,91.71858,0.0927
2020-04-30,RJ,Rio de Janeiro,city,5903,535,False,6747815,3304557,87.48017,0.0906
2020-04-29,RJ,Rio de Janeiro,city,5689,496,False,6747815,3304557,84.30877,0.0872
2020-04-28,RJ,Rio de Janeiro,city,5554,456,False,6747815,3304557,82.30812,0.0821
2020-04-27,RJ,Rio de Janeiro,city,5261,405,False,6747815,3304557,77.96598,0.077
2020-04-26,RJ,Rio de Janeiro,city,4498,382,False,6747815,3304557,66.65861,0.0849
2020-04-25,RJ,Rio de Janeiro,city,4481,367,False,6747815,3304557,66.40668,0.0819
2020-04-24,RJ,Rio de Janeiro,city,4091,347,False,6747815,3304557,60.62703,0.0848
2020-04-23,RJ,Rio de Janeiro,city,4027,322,False,6747815,3304557,59.67858,0.08
2020-04-22,RJ,Rio de Janeiro,city,3656,303,False,6747815,3304557,54.1805,0.0829
2020-04-21,RJ,Rio de Janeiro,city,3587,283,False,6747815,3304557,53.15795,0.0789
2020-04-20,RJ,Rio de Janeiro,city,3243,257,False,6747815,3304557,48.06,0.0792
2020-04-19,RJ,Rio de Janeiro,city,3126,245,False,6747815,3304557,46.32611,0.0784
2020-04-18,RJ,Rio de Janeiro,city,3059,237,False,6747815,3304557,45.33319,0.0775
2020-04-17,RJ,Rio de Janeiro,city,2946,219,False,6747815,3304557,43.65858,0.0743
2020-04-16,RJ,Rio de Janeiro,city,2659,195,False,6747815,3304557,39.40535,0.0733
2020-04-15,RJ,Rio de Janeiro,city,2519,167,False,6747815,3304557,37.3306,0.0663
2020-04-14,RJ,Rio de Janeiro,city,2393,140,False,6747815,3304557,35.46333,0.0585
2020-04-13,RJ,Rio de Janeiro,city,2322,115,False,6747815,3304557,34.41114,0.0495
2020-04-12,RJ,Rio de Janeiro,city,1996,106,False,6747815,3304557,29.57995,0.0531
2020-04-11,RJ,Rio de Janeiro,city,1905,98,False,6747815,3304557,28.23136,0.0514
2020-04-10,RJ,Rio de Janeiro,city,1808,92,False,6747815,3304557,26.79386,0.0509
2020-04-09,RJ,Rio de Janeiro,city,1633,82,False,6747815,3304557,24.20043,0.0502
2020-04-08,RJ,Rio de Janeiro,city,1449,73,False,6747815,3304557,21.47362,0.0504
2020-04-07,RJ,Rio de Janeiro,city,1251,59,False,6747815,3304557,18.53933,0.0472
2020-04-06,RJ,Rio de Janeiro,city,1110,47,False,6747815,3304557,16.44977,0.0423
2020-04-05,RJ,Rio de Janeiro,city,1068,42,False,6747815,3304557,15.82735,0.0393
2020-04-04,RJ,Rio de Janeiro,city,982,38,False,6747815,3304557,14.55286,0.0387
2020-04-03,RJ,Rio de Janeiro,city,867,36,False,6747815,3304557,12.8486,0.0415
2020-04-02,RJ,Rio de Janeiro,city,798,31,False,6747815,3304557,11.82605,0.0388
2020-04-01,RJ,Rio de Janeiro,city,697,20,False,6747815,3304557,10.32927,0.0287
2020-03-31,RJ,Rio de Janeiro,city,586,18,False,6747815,3304557,8.68429,0.0307
2020-03-30,RJ,Rio de Janeiro,city,553,13,False,6747815,3304557,8.19525,0.0235
2020-03-29,RJ,Rio de Janeiro,city,516,13,False,6747815,3304557,7.64692,0.0252
2020-03-28,RJ,Rio de Janeiro,city,489,9,False,6747815,3304557,7.24679,0.0184
2020-03-27,RJ,Rio de Janeiro,city,431,6,False,6747815,3304557,6.38725,0.0139
2020-03-26,RJ,Rio de Janeiro,city,368,6,False,6747815,3304557,5.45362,0.0163
2020-03-25,RJ,Rio de Janeiro,city,331,5,False,6747815,3304557,4.90529,0.0151
2020-03-24,RJ,Rio de Janeiro,city,276,3,False,6747815,3304557,4.09021,0.0109
2020-03-23,RJ,Rio de Janeiro,city,212,1,False,6747815,3304557,3.14176,0.0047
2020-03-22,RJ,Rio de Janeiro,city,168,0,False,6747815,3304557,2.48969,0.0
2020-03-21,RJ,Rio de Janeiro,city,99,0,False,6747815,3304557,1.46714,0.0
2020-03-19,RJ,Rio de Janeiro,city,56,0,False,6747815,3304557,0.8299,0.0
2020-03-18,RJ,Rio de Janeiro,city,55,0,False,6747815,3304557,0.81508,0.0
2020-03-16,RJ,Rio de Janeiro,city,23,0,False,6747815,3304557,0.34085,0.0
2020-03-15,RJ,Rio de Janeiro,city,22,0,False,6747815,3304557,0.32603,0.0
2020-03-12,RJ,Rio de Janeiro,city,13,0,False,6747815,3304557,0.19265,0.0
2020-03-08,RJ,Rio de Janeiro,city,2,0,False,6747815,3304557,0.02964,0.0
2020-03-06,RJ,Rio de Janeiro,city,1,0,False,6747815,3304557,0.01482,0.0
